channel,id
가로세로연구소,UC0M-_02RJqMlGTKUjF1WhJg
고릴라상념,UC5qUv5pTWAK3yn6kgEcEKBA
김용호연예부장,UC2vZ-y5LAIaqJt5aIp9o-Tg
목격자K,UCk42-28PO8j7xJjeQ0Tpx5w
고영신TV,UCAFwr8mzcNYviaA2USjXWMg
간지TV,UCAgyAtgLCZ0-FL3B4_ApPMA
강우나라TV,UCaIYqRibcrsm4luULcpl8Hg
강수산TV,UCZXrxwYjXWrzE-CZ5XMRNlQ
깻잎자유TV,UCoKdEtFPZiWnrqfsvc1wNKQ
강명도TV-자유조선,UCeWML3K38BS535Xz6_9IEbg
고성국,UCM8BcGB6BWKq3utIMhGKnUA
공병호TV,UCraFuSXdd7ei5gUJrN3FxiQ
김문수TV,UCBbaSGfMLK1e9p22zjs0Ksw
김진,UCRofX42ugIM1JKnCjfXm9LA
김동길TV,UCCCzHfAALDPQ0L11UTsKTWA
김성훈TV,UCrHMiMBJu_i9obdgco1HSiA
김철근,UCBZ7yAkI5M96n5CrKZ2blbg
김태우,UCyuV4qJTRTHmdhBveSVJAew
김채환의 사이다,UCTeyCGJfUixtN-pSivZMdpA
꿀승훈,UChhyrYWkGaIkfDDBs-d0m-Q
나경원TV,UCPvrHJx6U16X-NpM5iYj5Eg
너알아TV,UC1qldNOqaqIY2PwhbVwIhWA
너만몰라TV,UCsRUxc7mcOchfVPQmdP-miQ
이영한TV,UCaseUe_7asNm7-Lz-3wSgzw
건국TV,UCSNQKJE-xZSeR70tcMuUzzQ
사도바울TV,UCld3ZQPcreE7SaT8krc2NfQ
사무엘TV,UCl7cWKsxIMIzlDQ2gKrjt2A
대안TV,UCfG3zW2MkJAupZeDMkYMbIg
내시십분,UCYun4f6nSgylCKGZqUkLOaQ
뉴데일리,UCrLcsNp5kcZ2lnK9sGTFa3A
나는 백수다,UCU6_Nu0o8RuEaZunw154Rlw
뉴스타운,UCGYmXLgNJoh5fIqheoVhx4w
데이너김,UC3PoVdxB6fMNrbKU1l3cKFg
도람뿌,UCQ21caARmy5hvLqvwIEBNUw
동작사람 박찬호,UCFN2G9ApfSNX07VksWqRJCw
류여해,UCwp6RbZRkhzKGbphJcsQUDg
문갑식,UCBghEKEqODLq1qQuN7X9aTA
배승희 변호사,UC8SZ88GQa9XWwZxLNibO3ug
변희재,UCY8i60Jd_DPyqOB_AJut2vw
붉은매 SHADOW,UCsWnGGnohD941qs6HbhvfWA
붉은매TV,UCsWnGGnohD941qs6HbhvfWA
봉지가르마,UCIQ24yFgbo4U1lfntu6dqMQ
봉주르 방송국,UCvHlDJHcgxymb215SH0Hu9g
부추연 TV,UCy7i39UNvHunRZ4xXukP3aQ
뻑가 PPKKa,UClE2hKVqycauBKmXwawizEg
생각모듬찌개,UC_QOIe76LpJNnuAuP1_YHcQ
신의한수,UCgOLQwRv1r2m9mhE1tfsn3Q
토순이/친절한세정씨,UCSc9kf6Ca9K402UyXwhKVew
황경구의 시사창고,UCMqadVMd0fFKchXVREIDWSA
정의구현 박완석,UCUNwNXVrWAHQpc8gPp1c6kw
긴급속보 홍철기,UCtmvuCbpw6_TFbeO4ToTAIw
우리촌TV,UCfHU3UtU03DtaNEEBA-Ga6g
대현TV_정치와,UCqLgywoNeYyMnZ9GwBYVikg
박창훈의 국회썰쟁이,UCXw165YfPWpyoA4RG72RkEA
손상대 TV,UCWpW_GP31BEzlfLaHMD_fPQ
서초동법원이야기,UCM7JNvACNC59OsuSLFtbpZw
시사멘터리,UC8VZfmh694PfEwDUKu637QQ
서우파,UCS4LH1UzCrMcMWIbDkCDS9A
세상의모든불만,UC4czPdq4TgnnKEUasSAt1Dg
성창경 TV,UCFWIofVBqseX6Bmd9Dn7kgg
신인균의 국방TV,UCbgqDFODvh-q38ouzoKKkVA
신지호의 쿨톡,UCsjGfJ_ei96DWUFjdp7AKqA
얼음사이다,UChtCk_buYtrLlwakVA6QMPg
여명숙,UCpW6z-NU-mVBbz-CQfZaY8Q
유재일,UCs18sMwqTCMBmTqX0b2-w6A
유`s,UCuNf3-4O7n8S50c7F7wjosw
리나의 일상,UC9Tr6qvOJ99A2dM5QBQYwTQ
성제준TV,UCWZrtSsyPCEaMH4uSwdGrtw
윤튜브,UCWqC9Cbrqoy8B1NH5gavqDw
지식의 칼,UC4m8f3vD6AgN07EBYBLX-ZA
팩맨TV,UCksyDD1Gv6wmpyXJezZkVXw
윾튜브,UCVu7WnE1k33M9qxbntTA5gQ
에타몽TV,UCgKVVNJ6YLLJETIdta5KVYg
이봉규,UCxuf3GXK290vcpFW0lxm0Uw
이언주,UCZfBgIND5MGOXH-uYEy8ptw
이병태TV,UC7XByOuOXCkzmO7R7i7-2bw
이승만TV,UC0ddvpoS9dg3EFWo62VarOA
이애란TV,UCYI9QZX4fSK7X98inbAZOLQ
이선생TV,UCrKotzERJOFDHz8yWxEqGng
이동욱TV,UCPcAQsIP3ckJ9H5RhpEu4oQ
이방원TV,UCPx-FDkusYmo5GzNYEnHCkw
이은재tv한국교회방송,UC-Uhq4ABtd13Td032FHMFVQ
이상민TV,UCxcDFlAp2ox-4w2s9FGLrKw
윤원일 TV,UCbHEL6sFzdhiWPeLo2_rD7A
용감한세정씨,UCSc9kf6Ca9K402UyXwhKVew
이춘근TV,UCbCjcJ2G5zqZ5TBeN6DriPQ
우파삼촌tv,UCKIN9EUHkfNPRjcpmrsqffA
우파외삼촌TV,UCKIN9EUHkfNPRjcpmrsqffA
이큐채널,UCek6BDHDbP2C5pzbXDAoc4A
조갑제,UCq2Ld6DYPkq_61vKvL7EFiw
자유연대,UCgxafOtDFibSw8XRmLljo_Q
자유연대2채널,UCXdnMcJr6vfwAVq1IkWG6nQ
자유포커스,UCRlsMgJs_FV3YtLcpgYwRmA
자유TV,UCVhvCG0hVDPw-P5FMcFjixA
자유부인TV,UCGt60oMI3UcGZAOqzzoErFw
자유정의TV,UC0NyjPUnpIzLsbTzwhkE8KQ
상상의 자유,UCWJTlUFmdbISixxc6ZGAOHQ
우파사랑tv,UCb3G3ughMqzRlhIs8oPP6uA
차명진TV,UC-HXN9uJjNoEQP6NuSsvmyA
청년스피릿,UC8THSpsyGJ0h-cITA4kagtw
최길갈,UClsu-eJ1MznHoZGKlCf5Zkg
진성호 TV,UC-ORGzN6c-OZyCw9YAYNjkA
짝찌TV,UCoaERt3ddvzemfU78ByDj4g
정광용 TV레지스탕스TV,UCR3zvEwGCwy22mEgbe-7HIw
최고존엄TV,UCfwNPu67B9IX-8dhmWyIXZg
최병묵,UC9Hlfu1tksuFbo2peL1ohnA
크로커다일 남자훈련소,UCbYMlT_I64nQ1lIusmwywgQ
캡틴 TV ,UCKbJE93zvoyQ9KWbE4uTYXA
태평 김일선,UCEA7i9vb8Hi2vgM18yZN3pA
최우원의 구국방송,UCmfnDHCVYzmLhtJUiPVs-Mw
통큰누나,UCzc6J5DDGAoiVP_LjC_ZfkQ
턴라이트,UCPpAT7NOrsIFoIQXk0aPKOA
파파존TV,UCIBaX3l6-VSXAyU2e6_TXbA
펜앤드마이크,UCOqCunaF9qVN8bXwsK0HT3g
호밀밭의 우원재,UCfI3DOCx3bgxnZbwOrxu7DA
홍카콜라,UCfmicRK2-WdZMVQDrfcitLA
황장수의 뉴스브리핑,UCR0VAgd0w8QI7WWQ0E8Srdw
황태순,UCZXdbOCTEzMDn0bJdpcgKtA
GZSS TV,UC7wKv6hG7kQJ0JOjDKw5O3g
샤인튜브,UCH_Bxedipg--u3iavdM57rg
시둥이,UCaSJgcm_GYl-JraOYHAHcGA
왕자,UC8aKdKtRgthHJ7HbzRcwsbA
우깡tv,UC5kPk9U7C_eX5HzX8nw_4Ng
옥탁방TV,UCRfLPJxAHWWH70Av0XUMvNQ
우길고,UCDNu3T7j86j9uuEt_lmFklw
종창아재,UCw4LVp1TEIlv1Uue_Bw0IMA
포효하는 누렁이,UCG6COcWn-EVR_6xQBKZSVBg
유튜브온,UCBy1z8OoCh5YgoBEKOHA4wg
우짜라고,UCY_p-MfzhgiujuojQQoNB1w
우짜라고[대피소],UCY_p-MfzhgiujuojQQoNB1w
청년화랑TV,UC8_ucMXjanlN0Rldcn5Gm1A
LA 시사논평,UCPXEuCMRx8bHMQBq_phGD4w
진자유TV,UCVhvCG0hVDPw-P5FMcFjixA
주옥순TV,UCcgupZyxsOSX9zFI58yq1HQ
한미자유연합방송,UCYNA65kn9cIKNixU_37RzQw
한남 시사,UCXU5nigr5NxZx9sqx326jyg
형TV,UC_q-lAIXdKCyb6Fd2-L8gzA
니캉내캉,UCAeB8_MIvUH9IzKkikWa2TQ
상전남,UCHM39_m55klqxDzdIP6nJHw
심뽕티비,UC82-uafNkAPwednw9t9-7aQ
KORA우파V2,UCl9Q759hWIFHCShePWHuB_A
AI 우파고,UC6WbkGVfCim6Y5PtI1-N7xg
BJ톨,UC-dVHhMUEaXuNb8efhis1dg
TV baijin,UCg7RUsGPs3WtAelryJZXZDQ
Japanese Pride,UCF-ZHwlRtB1ghwKg0xjw8LA
